VALIDATION,gs://matriculas-tuto/NA98.jpeg,,,,,,,,,
VALIDATION,gs://matriculas-tuto/NA95.jpeg,,,,,,,,,
VALIDATION,gs://matriculas-tuto/NA9.jpg,,,,,,,,,
VALIDATION,gs://matriculas-tuto/NA86.jpeg,,,,,,,,,
VALIDATION,gs://matriculas-tuto/NA79.jpeg,,,,,,,,,
VALIDATION,gs://matriculas-tuto/NA73.jpeg,,,,,,,,,
VALIDATION,gs://matriculas-tuto/NA68.jpeg,,,,,,,,,
VALIDATION,gs://matriculas-tuto/NA63.jpeg,,,,,,,,,
VALIDATION,gs://matriculas-tuto/NA59.jpeg,,,,,,,,,
VALIDATION,gs://matriculas-tuto/NA51.jpeg,,,,,,,,,
VALIDATION,gs://matriculas-tuto/NA45.jpeg,,,,,,,,,
VALIDATION,gs://matriculas-tuto/NA40.jpeg,,,,,,,,,
VALIDATION,gs://matriculas-tuto/NA37.jpeg,,,,,,,,,
VALIDATION,gs://matriculas-tuto/NA30.png,,,,,,,,,
VALIDATION,gs://matriculas-tuto/NA24.jpeg,,,,,,,,,
VALIDATION,gs://matriculas-tuto/NA20.jpeg,,,,,,,,,
VALIDATION,gs://matriculas-tuto/NA16.jpg,,,,,,,,,
VALIDATION,gs://matriculas-tuto/NA119.jpeg,,,,,,,,,
VALIDATION,gs://matriculas-tuto/NA114.jpeg,,,,,,,,,
VALIDATION,gs://matriculas-tuto/NA109.jpeg,,,,,,,,,
VALIDATION,gs://matriculas-tuto/NA102.jpeg,,,,,,,,,
VALIDATION,gs://matriculas-tuto/NA10.jpg,,,,,,,,,
VALIDATION,gs://matriculas-tuto/NA94.jpeg,,,,,,,,,
VALIDATION,gs://matriculas-tuto/NA85.jpeg,,,,,,,,,
VALIDATION,gs://matriculas-tuto/VE84.jpeg,,,,,,,,,
VALIDATION,gs://matriculas-tuto/VE75.jpeg,,,,,,,,,
VALIDATION,gs://matriculas-tuto/VE70.jpg,,,,,,,,,
VALIDATION,gs://matriculas-tuto/VE69.jpg,,,,,,,,,
VALIDATION,gs://matriculas-tuto/VE66.jpg,,,,,,,,,
VALIDATION,gs://matriculas-tuto/VE61.jpg,,,,,,,,,
VALIDATION,gs://matriculas-tuto/VE56.jpg,,,,,,,,,
VALIDATION,gs://matriculas-tuto/VE5.jpg,,,,,,,,,
VALIDATION,gs://matriculas-tuto/VE42.jpg,,,,,,,,,
VALIDATION,gs://matriculas-tuto/VE35.jpg,,,,,,,,,
VALIDATION,gs://matriculas-tuto/VE33.jpg,,,,,,,,,
VALIDATION,gs://matriculas-tuto/VE26.jpg,,,,,,,,,
VALIDATION,gs://matriculas-tuto/VE24.jpg,,,,,,,,,
VALIDATION,gs://matriculas-tuto/VE21.jpg,,,,,,,,,
VALIDATION,gs://matriculas-tuto/VE89.jpeg,,,,,,,,,
VALIDATION,gs://matriculas-tuto/VE78.jpeg,,,,,,,,,
VALIDATION,gs://matriculas-tuto/AZ72.jpeg,,,,,,,,,
VALIDATION,gs://matriculas-tuto/AZ80.jpeg,,,,,,,,,
VALIDATION,gs://matriculas-tuto/AZ68.jpeg,,,,,,,,,
VALIDATION,gs://matriculas-tuto/AZ65.jpeg,,,,,,,,,
VALIDATION,gs://matriculas-tuto/AZ58.jpeg,,,,,,,,,
VALIDATION,gs://matriculas-tuto/AZ85.jpeg,,,,,,,,,
VALIDATION,gs://matriculas-tuto/AZ53.jpeg,,,,,,,,,
VALIDATION,gs://matriculas-tuto/AZ49.jpeg,,,,,,,,,
VALIDATION,gs://matriculas-tuto/AZ46.jpeg,,,,,,,,,
VALIDATION,gs://matriculas-tuto/AZ42.png,,,,,,,,,
VALIDATION,gs://matriculas-tuto/AZ37.jpg,,,,,,,,,
VALIDATION,gs://matriculas-tuto/AZ31.jpg,,,,,,,,,
VALIDATION,gs://matriculas-tuto/AZ25.jpg,,,,,,,,,
VALIDATION,gs://matriculas-tuto/AZ16.jpg,,,,,,,,,
VALIDATION,gs://matriculas-tuto/AZ17.jpg,,,,,,,,,
VALIDATION,gs://matriculas-tuto/AZ3.jpg,,,,,,,,,
VALIDATION,gs://matriculas-tuto/AZ14.jpg,,,,,,,,,
VALIDATION,gs://matriculas-tuto/AZ11.jpg,,,,,,,,,


TEST,gs://matriculas-tuto/NA80.jpeg,,,,,,,,,
TEST,gs://matriculas-tuto/NA75.jpeg,,,,,,,,,
TEST,gs://matriculas-tuto/NA66.jpeg,,,,,,,,,
TEST,gs://matriculas-tuto/NA56.jpeg,,,,,,,,,
TEST,gs://matriculas-tuto/NA5.jpg,,,,,,,,,
TEST,gs://matriculas-tuto/NA44.jpeg,,,,,,,,,
TEST,gs://matriculas-tuto/NA120.jpeg,,,,,,,,,
TEST,gs://matriculas-tuto/NA31.png,,,,,,,,,
TEST,gs://matriculas-tuto/NA19.jpg,,,,,,,,,
TEST,gs://matriculas-tuto/NA115.jpeg,,,,,,,,,
TEST,gs://matriculas-tuto/NA106.jpeg,,,,,,,,,
TEST,gs://matriculas-tuto/NA47.jpeg,,,,,,,,,
TEST,gs://matriculas-tuto/AZ8.jpg,,,,,,,,,
TEST,gs://matriculas-tuto/AZ83.jpeg,,,,,,,,,
TEST,gs://matriculas-tuto/AZ74.jpeg,,,,,,,,,
TEST,gs://matriculas-tuto/AZ64.jpeg,,,,,,,,,
TEST,gs://matriculas-tuto/AZ51.jpeg,,,,,,,,,
TEST,gs://matriculas-tuto/AZ34.jpg,,,,,,,,,
TEST,gs://matriculas-tuto/AZ5.jpg,,,,,,,,,
TEST,gs://matriculas-tuto/AZ28.jpg,,,,,,,,,
TEST,gs://matriculas-tuto/AZ12.jpg,,,,,,,,,
TEST,gs://matriculas-tuto/VE3.jpg,,,,,,,,,
TEST,gs://matriculas-tuto/VE0.jpg,,,,,,,,,
TEST,gs://matriculas-tuto/VE45.jpg,,,,,,,,,
TEST,gs://matriculas-tuto/VE46.jpg,,,,,,,,,
TEST,gs://matriculas-tuto/VE86.jpeg,,,,,,,,,
TEST,gs://matriculas-tuto/VE19.jpg,,,,,,,,,
TEST,gs://matriculas-tuto/VE14.jpg,,,,,,,,,
TEST,gs://matriculas-tuto/VE16.jpg,,,,,,,,,
TEST,gs://matriculas-tuto/VE23.jpg,,,,,,,,,
TEST,gs://matriculas-tuto/VE52.jpg,,,,,,,,,
TEST,gs://matriculas-tuto/VE28.jpg,,,,,,,,,


UNASSIGNED,gs://matriculas-tuto/NA0.png,,,,,,,,,
UNASSIGNED,gs://matriculas-tuto/NA1.png,,,,,,,,,
UNASSIGNED,gs://matriculas-tuto/NA100.jpeg,,,,,,,,,
UNASSIGNED,gs://matriculas-tuto/NA101.jpeg,,,,,,,,,
UNASSIGNED,gs://matriculas-tuto/NA103.jpeg,,,,,,,,,
UNASSIGNED,gs://matriculas-tuto/NA104.jpeg,,,,,,,,,
UNASSIGNED,gs://matriculas-tuto/NA105.jpeg,,,,,,,,,
UNASSIGNED,gs://matriculas-tuto/NA107.jpeg,,,,,,,,,
UNASSIGNED,gs://matriculas-tuto/NA108.jpeg,,,,,,,,,
UNASSIGNED,gs://matriculas-tuto/NA11.jpg,,,,,,,,,
UNASSIGNED,gs://matriculas-tuto/NA110.jpeg,,,,,,,,,
UNASSIGNED,gs://matriculas-tuto/NA111.jpeg,,,,,,,,,
UNASSIGNED,gs://matriculas-tuto/NA112.jpeg,,,,,,,,,
UNASSIGNED,gs://matriculas-tuto/NA113.jpeg,,,,,,,,,
UNASSIGNED,gs://matriculas-tuto/NA116.jpeg,,,,,,,,,
UNASSIGNED,gs://matriculas-tuto/NA117.jpeg,,,,,,,,,
UNASSIGNED,gs://matriculas-tuto/NA118.jpeg,,,,,,,,,
UNASSIGNED,gs://matriculas-tuto/NA12.jpg,,,,,,,,,
UNASSIGNED,gs://matriculas-tuto/NA13.jpg,,,,,,,,,
UNASSIGNED,gs://matriculas-tuto/NA14.jpg,,,,,,,,,
UNASSIGNED,gs://matriculas-tuto/NA15.jpg,,,,,,,,,
UNASSIGNED,gs://matriculas-tuto/NA17.jpg,,,,,,,,,
UNASSIGNED,gs://matriculas-tuto/NA18.jpg,,,,,,,,,
UNASSIGNED,gs://matriculas-tuto/NA2.jpeg,,,,,,,,,
UNASSIGNED,gs://matriculas-tuto/NA21.jpg,,,,,,,,,
UNASSIGNED,gs://matriculas-tuto/NA22.jpeg,,,,,,,,,
UNASSIGNED,gs://matriculas-tuto/NA23.jpg,,,,,,,,,
UNASSIGNED,gs://matriculas-tuto/NA25.png,,,,,,,,,
UNASSIGNED,gs://matriculas-tuto/NA26.png,,,,,,,,,
UNASSIGNED,gs://matriculas-tuto/NA27.png,,,,,,,,,
UNASSIGNED,gs://matriculas-tuto/NA28.png,,,,,,,,,
UNASSIGNED,gs://matriculas-tuto/NA29.png,,,,,,,,,
UNASSIGNED,gs://matriculas-tuto/NA3.jpg,,,,,,,,,
UNASSIGNED,gs://matriculas-tuto/NA32.png,,,,,,,,,
UNASSIGNED,gs://matriculas-tuto/NA33.png,,,,,,,,,
UNASSIGNED,gs://matriculas-tuto/NA34.jpeg,,,,,,,,,
UNASSIGNED,gs://matriculas-tuto/NA35.jpeg,,,,,,,,,
UNASSIGNED,gs://matriculas-tuto/NA36.jpeg,,,,,,,,,
UNASSIGNED,gs://matriculas-tuto/NA38.jpeg,,,,,,,,,
UNASSIGNED,gs://matriculas-tuto/NA39.jpeg,,,,,,,,,
UNASSIGNED,gs://matriculas-tuto/NA4.jpg,,,,,,,,,
UNASSIGNED,gs://matriculas-tuto/NA41.jpeg,,,,,,,,,
UNASSIGNED,gs://matriculas-tuto/NA42.jpeg,,,,,,,,,
UNASSIGNED,gs://matriculas-tuto/NA43.jpeg,,,,,,,,,
UNASSIGNED,gs://matriculas-tuto/NA46.jpeg,,,,,,,,,
UNASSIGNED,gs://matriculas-tuto/NA48.jpeg,,,,,,,,,
UNASSIGNED,gs://matriculas-tuto/NA49.jpeg,,,,,,,,,
UNASSIGNED,gs://matriculas-tuto/NA50.jpeg,,,,,,,,,
UNASSIGNED,gs://matriculas-tuto/NA52.jpeg,,,,,,,,,
UNASSIGNED,gs://matriculas-tuto/NA53.jpeg,,,,,,,,,
UNASSIGNED,gs://matriculas-tuto/NA54.jpeg,,,,,,,,,
UNASSIGNED,gs://matriculas-tuto/NA55.jpeg,,,,,,,,,
UNASSIGNED,gs://matriculas-tuto/NA57.jpeg,,,,,,,,,
UNASSIGNED,gs://matriculas-tuto/NA58.jpeg,,,,,,,,,
UNASSIGNED,gs://matriculas-tuto/NA6.jpg,,,,,,,,,
UNASSIGNED,gs://matriculas-tuto/NA60.jpeg,,,,,,,,,
UNASSIGNED,gs://matriculas-tuto/NA61.jpeg,,,,,,,,,
UNASSIGNED,gs://matriculas-tuto/NA62.jpeg,,,,,,,,,
UNASSIGNED,gs://matriculas-tuto/NA64.jpeg,,,,,,,,,
UNASSIGNED,gs://matriculas-tuto/NA65.jpeg,,,,,,,,,
UNASSIGNED,gs://matriculas-tuto/NA67.jpeg,,,,,,,,,
UNASSIGNED,gs://matriculas-tuto/NA69.jpeg,,,,,,,,,
UNASSIGNED,gs://matriculas-tuto/NA7.jpg,,,,,,,,,
UNASSIGNED,gs://matriculas-tuto/NA70.jpeg,,,,,,,,,
UNASSIGNED,gs://matriculas-tuto/NA71.jpeg,,,,,,,,,
UNASSIGNED,gs://matriculas-tuto/NA72.jpeg,,,,,,,,,
UNASSIGNED,gs://matriculas-tuto/NA74.jpeg,,,,,,,,,
UNASSIGNED,gs://matriculas-tuto/NA76.jpeg,,,,,,,,,
UNASSIGNED,gs://matriculas-tuto/NA77.jpeg,,,,,,,,,
UNASSIGNED,gs://matriculas-tuto/NA78.jpeg,,,,,,,,,
UNASSIGNED,gs://matriculas-tuto/NA8.jpg,,,,,,,,,
UNASSIGNED,gs://matriculas-tuto/NA81.jpeg,,,,,,,,,
UNASSIGNED,gs://matriculas-tuto/NA82.jpeg,,,,,,,,,
UNASSIGNED,gs://matriculas-tuto/NA83.jpeg,,,,,,,,,
UNASSIGNED,gs://matriculas-tuto/NA84.jpeg,,,,,,,,,
UNASSIGNED,gs://matriculas-tuto/NA87.jpeg,,,,,,,,,
UNASSIGNED,gs://matriculas-tuto/NA88.jpeg,,,,,,,,,
UNASSIGNED,gs://matriculas-tuto/NA89.jpeg,,,,,,,,,
UNASSIGNED,gs://matriculas-tuto/NA90.jpeg,,,,,,,,,
UNASSIGNED,gs://matriculas-tuto/NA91.jpeg,,,,,,,,,
UNASSIGNED,gs://matriculas-tuto/NA92.jpeg,,,,,,,,,
UNASSIGNED,gs://matriculas-tuto/NA93.jpeg,,,,,,,,,
UNASSIGNED,gs://matriculas-tuto/NA96.jpeg,,,,,,,,,
UNASSIGNED,gs://matriculas-tuto/NA97.jpeg,,,,,,,,,
UNASSIGNED,gs://matriculas-tuto/NA99.jpeg,,,,,,,,,
UNASSIGNED,gs://matriculas-tuto/AZ0.jpeg,,,,,,,,,
UNASSIGNED,gs://matriculas-tuto/AZ1.jpg,,,,,,,,,
UNASSIGNED,gs://matriculas-tuto/AZ10.jpg,,,,,,,,,
UNASSIGNED,gs://matriculas-tuto/AZ13.jpg,,,,,,,,,
UNASSIGNED,gs://matriculas-tuto/AZ15.jpg,,,,,,,,,
UNASSIGNED,gs://matriculas-tuto/AZ21.jpg,,,,,,,,,
UNASSIGNED,gs://matriculas-tuto/AZ26.jpg,,,,,,,,,
UNASSIGNED,gs://matriculas-tuto/AZ24.jpg,,,,,,,,,
UNASSIGNED,gs://matriculas-tuto/AZ18.jpg,,,,,,,,,
UNASSIGNED,gs://matriculas-tuto/AZ19.jpg,,,,,,,,,
UNASSIGNED,gs://matriculas-tuto/AZ2.jpg,,,,,,,,,
UNASSIGNED,gs://matriculas-tuto/AZ20.jpg,,,,,,,,,
UNASSIGNED,gs://matriculas-tuto/AZ22.jpg,,,,,,,,,
UNASSIGNED,gs://matriculas-tuto/AZ27.jpg,,,,,,,,,
UNASSIGNED,gs://matriculas-tuto/AZ29.jpg,,,,,,,,,
UNASSIGNED,gs://matriculas-tuto/AZ30.jpg,,,,,,,,,
UNASSIGNED,gs://matriculas-tuto/AZ23.jpg,,,,,,,,,
UNASSIGNED,gs://matriculas-tuto/AZ32.jpg,,,,,,,,,
UNASSIGNED,gs://matriculas-tuto/AZ33.jpg,,,,,,,,,
UNASSIGNED,gs://matriculas-tuto/AZ35.jpg,,,,,,,,,
UNASSIGNED,gs://matriculas-tuto/AZ36.jpg,,,,,,,,,
UNASSIGNED,gs://matriculas-tuto/AZ38.jpg,,,,,,,,,
UNASSIGNED,gs://matriculas-tuto/AZ39.jpg,,,,,,,,,
UNASSIGNED,gs://matriculas-tuto/AZ4.jpg,,,,,,,,,
UNASSIGNED,gs://matriculas-tuto/AZ40.jpg,,,,,,,,,
UNASSIGNED,gs://matriculas-tuto/AZ41.jpg,,,,,,,,,
UNASSIGNED,gs://matriculas-tuto/AZ43.jpeg,,,,,,,,,
UNASSIGNED,gs://matriculas-tuto/AZ44.jpeg,,,,,,,,,
UNASSIGNED,gs://matriculas-tuto/AZ45.jpeg,,,,,,,,,
UNASSIGNED,gs://matriculas-tuto/AZ47.jpeg,,,,,,,,,
UNASSIGNED,gs://matriculas-tuto/AZ48.jpeg,,,,,,,,,
UNASSIGNED,gs://matriculas-tuto/AZ50.jpeg,,,,,,,,,
UNASSIGNED,gs://matriculas-tuto/AZ52.jpeg,,,,,,,,,
UNASSIGNED,gs://matriculas-tuto/AZ54.jpeg,,,,,,,,,
UNASSIGNED,gs://matriculas-tuto/AZ55.jpeg,,,,,,,,,
UNASSIGNED,gs://matriculas-tuto/AZ56.jpeg,,,,,,,,,
UNASSIGNED,gs://matriculas-tuto/AZ57.jpeg,,,,,,,,,
UNASSIGNED,gs://matriculas-tuto/AZ59.jpeg,,,,,,,,,
UNASSIGNED,gs://matriculas-tuto/AZ6.jpg,,,,,,,,,
UNASSIGNED,gs://matriculas-tuto/AZ60.jpeg,,,,,,,,,
UNASSIGNED,gs://matriculas-tuto/AZ61.jpeg,,,,,,,,,
UNASSIGNED,gs://matriculas-tuto/AZ62.jpeg,,,,,,,,,
UNASSIGNED,gs://matriculas-tuto/AZ63.jpeg,,,,,,,,,
UNASSIGNED,gs://matriculas-tuto/AZ66.jpeg,,,,,,,,,
UNASSIGNED,gs://matriculas-tuto/AZ67.jpeg,,,,,,,,,
UNASSIGNED,gs://matriculas-tuto/AZ69.jpeg,,,,,,,,,
UNASSIGNED,gs://matriculas-tuto/AZ7.jpg,,,,,,,,,
UNASSIGNED,gs://matriculas-tuto/AZ70.jpeg,,,,,,,,,
UNASSIGNED,gs://matriculas-tuto/AZ71.jpeg,,,,,,,,,
UNASSIGNED,gs://matriculas-tuto/AZ73.jpeg,,,,,,,,,
UNASSIGNED,gs://matriculas-tuto/AZ75.jpeg,,,,,,,,,
UNASSIGNED,gs://matriculas-tuto/AZ76.jpeg,,,,,,,,,
UNASSIGNED,gs://matriculas-tuto/AZ77.jpeg,,,,,,,,,
UNASSIGNED,gs://matriculas-tuto/AZ78.jpeg,,,,,,,,,
UNASSIGNED,gs://matriculas-tuto/AZ79.jpeg,,,,,,,,,
UNASSIGNED,gs://matriculas-tuto/AZ81.jpeg,,,,,,,,,
UNASSIGNED,gs://matriculas-tuto/AZ82.jpeg,,,,,,,,,
UNASSIGNED,gs://matriculas-tuto/AZ84.jpeg,,,,,,,,,
UNASSIGNED,gs://matriculas-tuto/AZ86.jpeg,,,,,,,,,
UNASSIGNED,gs://matriculas-tuto/AZ87.jpeg,,,,,,,,,
UNASSIGNED,gs://matriculas-tuto/AZ88.jpeg,,,,,,,,,
UNASSIGNED,gs://matriculas-tuto/AZ89.jpeg,,,,,,,,,
UNASSIGNED,gs://matriculas-tuto/AZ9.jpg,,,,,,,,,
UNASSIGNED,gs://matriculas-tuto/AZ90.jpeg,,,,,,,,,
UNASSIGNED,gs://matriculas-tuto/VE50.jpg,,,,,,,,,
UNASSIGNED,gs://matriculas-tuto/VE29.jpg,,,,,,,,,
UNASSIGNED,gs://matriculas-tuto/VE1.jpg,,,,,,,,,
UNASSIGNED,gs://matriculas-tuto/VE17.jpg,,,,,,,,,
UNASSIGNED,gs://matriculas-tuto/VE10.jpg,,,,,,,,,
UNASSIGNED,gs://matriculas-tuto/VE92.jpeg,,,,,,,,,
UNASSIGNED,gs://matriculas-tuto/VE11.jpg,,,,,,,,,
UNASSIGNED,gs://matriculas-tuto/VE83.jpeg,,,,,,,,,
UNASSIGNED,gs://matriculas-tuto/VE12.jpg,,,,,,,,,
UNASSIGNED,gs://matriculas-tuto/VE13.jpg,,,,,,,,,
UNASSIGNED,gs://matriculas-tuto/VE15.jpg,,,,,,,,,
UNASSIGNED,gs://matriculas-tuto/VE18.jpg,,,,,,,,,
UNASSIGNED,gs://matriculas-tuto/VE2.jpg,,,,,,,,,
UNASSIGNED,gs://matriculas-tuto/VE20.jpg,,,,,,,,,
UNASSIGNED,gs://matriculas-tuto/VE22.jpg,,,,,,,,,
UNASSIGNED,gs://matriculas-tuto/VE25.jpg,,,,,,,,,
UNASSIGNED,gs://matriculas-tuto/VE27.jpg,,,,,,,,,
UNASSIGNED,gs://matriculas-tuto/VE30.jpg,,,,,,,,,
UNASSIGNED,gs://matriculas-tuto/VE31.jpg,,,,,,,,,
UNASSIGNED,gs://matriculas-tuto/VE32.jpg,,,,,,,,,
UNASSIGNED,gs://matriculas-tuto/VE34.jpg,,,,,,,,,
UNASSIGNED,gs://matriculas-tuto/VE36.jpg,,,,,,,,,
UNASSIGNED,gs://matriculas-tuto/VE37.jpg,,,,,,,,,
UNASSIGNED,gs://matriculas-tuto/VE38.jpg,,,,,,,,,
UNASSIGNED,gs://matriculas-tuto/VE39.jpg,,,,,,,,,
UNASSIGNED,gs://matriculas-tuto/VE4.jpg,,,,,,,,,
UNASSIGNED,gs://matriculas-tuto/VE40.jpg,,,,,,,,,
UNASSIGNED,gs://matriculas-tuto/VE41.jpg,,,,,,,,,
UNASSIGNED,gs://matriculas-tuto/VE43.jpg,,,,,,,,,
UNASSIGNED,gs://matriculas-tuto/VE44.jpg,,,,,,,,,
UNASSIGNED,gs://matriculas-tuto/VE47.jpg,,,,,,,,,
UNASSIGNED,gs://matriculas-tuto/VE48.jpg,,,,,,,,,
UNASSIGNED,gs://matriculas-tuto/VE49.jpg,,,,,,,,,
UNASSIGNED,gs://matriculas-tuto/VE51.jpg,,,,,,,,,
UNASSIGNED,gs://matriculas-tuto/VE53.jpg,,,,,,,,,
UNASSIGNED,gs://matriculas-tuto/VE54.jpg,,,,,,,,,
UNASSIGNED,gs://matriculas-tuto/VE55.jpg,,,,,,,,,
UNASSIGNED,gs://matriculas-tuto/VE57.jpg,,,,,,,,,
UNASSIGNED,gs://matriculas-tuto/VE58.jpg,,,,,,,,,
UNASSIGNED,gs://matriculas-tuto/VE59.jpg,,,,,,,,,
UNASSIGNED,gs://matriculas-tuto/VE6.jpg,,,,,,,,,
UNASSIGNED,gs://matriculas-tuto/VE60.jpg,,,,,,,,,
UNASSIGNED,gs://matriculas-tuto/VE62.jpg,,,,,,,,,
UNASSIGNED,gs://matriculas-tuto/VE63.jpg,,,,,,,,,
UNASSIGNED,gs://matriculas-tuto/VE64.jpg,,,,,,,,,
UNASSIGNED,gs://matriculas-tuto/VE65.jpg,,,,,,,,,
UNASSIGNED,gs://matriculas-tuto/VE67.jpg,,,,,,,,,
UNASSIGNED,gs://matriculas-tuto/VE68.jpg,,,,,,,,,
UNASSIGNED,gs://matriculas-tuto/VE7.jpg,,,,,,,,,
UNASSIGNED,gs://matriculas-tuto/VE71.png,,,,,,,,,
UNASSIGNED,gs://matriculas-tuto/VE72.png,,,,,,,,,
UNASSIGNED,gs://matriculas-tuto/VE73.jpeg,,,,,,,,,
UNASSIGNED,gs://matriculas-tuto/VE74.jpeg,,,,,,,,,
UNASSIGNED,gs://matriculas-tuto/VE76.jpeg,,,,,,,,,
UNASSIGNED,gs://matriculas-tuto/VE77.jpeg,,,,,,,,,
UNASSIGNED,gs://matriculas-tuto/VE79.jpeg,,,,,,,,,
UNASSIGNED,gs://matriculas-tuto/VE8.jpg,,,,,,,,,
UNASSIGNED,gs://matriculas-tuto/VE80.jpeg,,,,,,,,,
UNASSIGNED,gs://matriculas-tuto/VE81.jpeg,,,,,,,,,
UNASSIGNED,gs://matriculas-tuto/VE82.jpeg,,,,,,,,,
UNASSIGNED,gs://matriculas-tuto/VE85.jpeg,,,,,,,,,
UNASSIGNED,gs://matriculas-tuto/VE87.jpeg,,,,,,,,,
UNASSIGNED,gs://matriculas-tuto/VE88.jpeg,,,,,,,,,
UNASSIGNED,gs://matriculas-tuto/VE9.jpg,,,,,,,,,
UNASSIGNED,gs://matriculas-tuto/VE90.jpeg,,,,,,,,,
UNASSIGNED,gs://matriculas-tuto/VE91.jpeg,,,,,,,,,
UNASSIGNED,gs://matriculas-tuto/VE93.jpeg,,,,,,,,,
UNASSIGNED,gs://matriculas-tuto/VE94.jpeg,,,,,,,,,
UNASSIGNED,gs://matriculas-tuto/VE95.jpeg,,,,,,,,,
UNASSIGNED,gs://matriculas-tuto/VE96.jpeg,,,,,,,,,
UNASSIGNED,gs://matriculas-tuto/VE97.jpeg,,,,,,,,,